{"directed": false, "multigraph": false, "graph": {}, "nodes": [{"index": [75933, 57792], "size": 34, "features": [-0.5924885727686547, -0.4204781608225333, -0.9563709934644972, -0.6059144626217914, -0.6126633585354297, -0.501864960735011, -0.646857097943552, -1.096002251475741, 1.4385375686790314, -0.7044231576241291, 0.7927139104218521], "test": false, "val": false, "prediction": 